Apple,Amazon,Microsoft,Google,Facebook,Boeing,UNH,Goldman,MMM,Home Depot
-0.014804287,-0.009326039,0,-0.002341887,-0.00981419,-0.012086079,-0.002369426,-0.013402654,0.000392594,-0.011169621
0.012538199,-0.007809832,0.006892879,0.002736439,-0.004711951,0.00205147,-0.002025451,0.014609952,0.000112163,-0.001166039
0.006177592,0.008123085,0.007372388,-0.002030585,0.0151008,-0.005004832,-0.001189659,-0.001831458,-0.00319564,-0.007369041
0.015207265,0.006848272,0.009931942,0.013750452,0.006352533,0.003963093,0.001961874,0.025561417,0.004274424,0.00632132
0.00828064,0.000757223,0.001725337,-0.00058802,0.000878945,0.003491968,-0.006014582,0.004565449,5.60E-05,-0.005112818
0.004060185,0.002282926,0.002411441,0.003197912,-0.001596711,0.003252844,-0.002180939,0.003746352,-0.00106402,-0.000734318
-0.007444273,0.000325389,-0.00309286,0.000535515,-0.001439317,0.005702034,0.002608847,-0.0076482,0.002410626,-0.003746745
-0.000648017,0.00348703,0.004825864,0.000216627,0.000160194,0.005443046,0.00309457,0.010296534,0.012190832,0.010619225
0.002316276,0.00171154,-0.006174896,-0.002076836,-0.000160168,0.00075183,0.001752772,-0.003722703,-0.004033254,-0.003429483
0.012017037,-0.00526821,0.003106595,-0.000995849,-0.007847494,0.011720693,-0.008818656,0.014088975,0.001608835,0.003587766
-0.000913433,-0.005790592,-0.005540286,-0.006773666,-0.004842607,0.002524708,-0.00381311,0.00060373,-0.007255137,-0.006055691
-0.001462847,0.000772246,0.002089309,0.003564297,0.008678021,-0.002073978,0.004465813,0.0001209,0.009711417,-0.000587134
-0.001281765,-0.000222308,0.000695014,-0.003090066,-0.003698633,0.002078289,0.0032458,0.002354189,-0.003836197,-0.009915625
0.002566821,-0.009353038,0.000347013,-0.002675263,-0.002824679,-0.004148198,-0.000914353,0.001023646,0.002399883,0.004896163
-0.007772383,0.002865381,0.000867773,-0.004217017,0.004775041,0.004091293,0.000352057,0.000180291,-0.00300654,-0.000886066
0.003133206,0.003910613,0.003814891,-9.07E-05,0.001772058,-0.006296808,-0.000562935,-0.001082409,0.003909163,0.006502171
-0.00753317,-0.006820135,0.001036381,-0.003160297,-0.007156066,-0.006336835,-0.01506944,-0.004696563,-0.002002665,-0.008515535
-0.004258064,0.00260148,0.003796333,-0.000298896,0.003320343,-0.002325709,-0.018374269,0.003629744,0.000947486,0.002739661
-0.005856742,0.01288168,-0.002406631,0.000168967,0.008636694,-0.005639923,-0.004952731,0.000421992,-0.000946589,-0.007900867
-0.001122038,0.002977865,0.001206281,0.003391696,0.012644062,0.005066905,0.004758046,0.005422637,0.006075499,0.00654972
-0.007676405,-0.004810073,-0.003614465,-0.003962957,-0.005531887,-0.015726039,-0.002914077,0.018950775,-0.00193918,-0.003344553
0.000943343,0.00205836,-0.007427916,-0.002652536,0.002225103,-0.010396859,-0.005991026,0.00053127,-0.005051283,0.000149008
0.005937819,0.001898203,0.002262456,0.002255448,0.000396408,0.00347631,-0.002278752,-0.005605977,0.004128537,0.000820176
0.009369392,0.002361744,0.00138907,0.003486034,0.002694809,0.009699791,0.006409419,0.003976025,0.004611807,0.006853917
-0.000278486,0.021270251,-0.001040281,0.011173612,0.025452486,0.013952463,-0.004685052,0.000886811,-0.001935861,-0.007769035
0.006128093,-0.005564941,0.000867924,0.000346066,0.010175033,-0.002632,-0.00262287,0.00200759,-0.003934358,-0.00976902
-0.026208898,-0.000535364,-0.003989041,-0.006445786,-0.005951919,0.001960322,0.003333726,0.011728775,0.001947277,-0.011521815
-0.022649698,-0.030507848,-0.021243118,-0.020198155,-0.024334121,-0.032881778,-0.013437761,-0.018000578,-0.024764139,-0.026816987
0.022398885,0.014931427,0.014943969,0.012321364,0.012509866,0.012370704,0.014294348,0.01477119,0.014005892,0.006654088
0.023804883,-0.013584078,-0.009114826,-0.012132347,-0.011500528,-0.010452047,-0.011657995,-0.023734242,-0.011398094,-0.022319026
0.035386863,0.000105146,-0.004776273,0.003685698,0.004402154,-0.008465285,-0.001940999,-0.0050301,-0.00255573,0.004295247
0.033998395,0.01129955,0.016530328,0.012157563,0.004539477,0.000783218,0.014361584,0.011555246,0.005523288,0.00554407
-0.005624208,0.011472174,0.001049212,-0.003731737,0.005609669,-0.00837439,0.021089766,-0.012374981,-0.008664218,-0.006694904
-0.011660249,-0.004393007,-0.005589514,-0.004135877,-0.003254149,0.006156237,-0.005705181,0.001264891,0.00948247,0.001427346
-8.82E-05,0.006605593,-0.002107879,0.007457178,-7.77E-05,0.002431837,-0.001525402,0.001564243,0.004979619,0.004275795
-0.000175999,0.012201712,0.01672246,0.006235333,0.010105745,0.021676135,0.017749629,0.003364112,0.011204948,0.010092293
0.00942313,0.018942971,0.001038732,0.014158423,0.00107742,0.010033665,0.008076427,0.005927147,0.001447862,0.00499572
-0.01666391,0.001304819,-0.006745145,-0.000393793,-0.016297686,-0.000682466,-0.003757789,-0.017200545,-0.013678128,-0.007456395
0.001508395,-0.008178749,-0.009228429,-0.016126575,-0.00507972,-0.009181801,-0.00562235,-0.022103624,-0.008117684,-0.018311331
0.001860345,0.021209786,0.01845324,0.011366409,0.010839714,0.0057439,0.007658085,0.008731745,0.001989238,0.010920832
0.007604643,0.015451332,0.001380566,-0.001851844,0.004196084,0.00692961,-0.002698819,0.003437853,0.007316987,0.011433527
-0.015533267,0.000398225,-0.010856438,-0.008380659,-0.008821481,-0.009075073,-0.014885182,-0.027531522,-0.012500785,-0.002650767
0.007755463,0.009963223,0.003484414,0.002941856,0.001405324,0.005418679,0.012145861,0.014595883,0.004904132,0.005862618
-0.004688255,-0.000680761,-0.003125176,-0.006085219,0.003898027,0.004858098,-0.010785738,-0.001240096,-0.006752739,-0.001398774
0.00426592,-0.003238713,-0.003134629,0.005009313,-0.00450417,-0.000982086,-0.002382862,0.007450175,-0.019195452,-0.002334656
0.00044253,0.012385592,0.006988035,5.15E-05,0.00218425,0.018223108,-0.004053264,0.025451377,0.004135567,-0.004836234
0.00743038,-0.003197702,0.001734944,0.000502291,0.002101689,-0.001782498,-0.008212245,0.00450711,-0.004350764,0.020457847
0.001492567,-0.002649502,0.00103902,-0.002291234,0.001941898,-0.004240231,0.001392415,0.01603352,-0.001806042,-0.014440469
0.017446968,0.002716163,0.004152321,0.014011437,0.009690673,0.014867248,0.010390645,0.007124934,-0.001108955,-0.008261295
0.00215434,-0.012724123,-0.014645139,-0.003651672,-0.01044226,-0.015459154,-0.024116547,-0.011693282,-0.008531067,-0.011001891
0.008942411,0.003718444,-0.001398786,0.003920477,0.001319041,-0.004337016,0.002597503,0.001538145,0.000235754,0.006674627
-0.003068035,-0.005766761,-0.003326876,-0.010112719,-0.009531212,0.001652425,-0.006735851,-0.011104528,0.001767852,-0.003157307
0.005556347,-0.007621077,0.008784157,0.000436946,0.000469387,0.000899474,-0.002012086,0.018516346,0.001823152,0.001029315
-0.00067995,-0.012163422,-0.003483128,0.001836786,-0.002658711,0.003745261,0.00156823,-0.008913964,-0.000704552,-0.010124958
-0.000680553,0.005781428,0.007689768,0.019616375,0.008075945,0.008209218,0.069037353,0.021479323,-0.001527467,0.004794625
-0.002979531,4.89E-05,-0.002254753,0.007846478,0.011977864,0.007993669,0.006834528,0.01089033,-0.000235282,0.001192856
-0.000512326,-0.00901319,-0.004866915,-0.005651939,-0.000845446,-0.002496529,0.00484884,0,-0.000294359,0.002859739
-0.003929659,0.010699456,0.042096056,0.003011436,0.015923131,-0.001545877,0.00206777,0.000916661,-0.002119413,0.002772263
0.009005289,0.023321454,0.022460574,0.017188524,0.009161747,0.013418923,-0.00467783,0.002576464,0.010442539,0.009320762
0.005099804,-0.003472221,-0.000163853,-0.006690364,-0.007428016,0.011422432,-0.006289183,0.00245539,-0.029427384,-0.034747326
-0.022494798,-0.015074554,-0.0059027,-0.010647884,-0.009448938,0.046899442,-0.010780306,0.008658561,0.001684501,-0.005107797
-0.009602807,-0.005142345,-0.008741548,-0.004655451,-0.01030213,-0.015322169,-0.002038823,0.003840277,-0.004504304,-0.003667194
-0.006638771,-0.051371009,-0.003826952,2.52E-05,0.012337042,-0.002093403,-0.011202015,-0.003431772,6.04E-05,0.010796658
-0.001582849,0.017389736,0.00083523,-0.013616326,-0.002284927,-0.004055668,0.006982454,0.006209893,-0.002835236,-0.012704268
-0.018055209,-0.005583594,-0.002002644,-0.001185399,-0.011374952,-0.000140261,-0.013443756,-0.001010105,-0.006352209,-0.017375675
0.000896965,-0.025273393,-0.006187372,-0.019027288,-0.017992293,-0.011656548,-0.003227339,-0.00831173,0.009010744,0.003336446
-0.010718758,0.001920204,-0.003701827,-0.008546906,-0.056381207,-0.005186468,-0.008274457,-0.002095285,0.006637322,-0.000914473
-0.009013967,-0.015618738,-0.008444492,-0.000144313,0.00625,-0.003428068,-0.000870531,-0.001645776,-0.002097889,0.006074281
0.014424843,0.039573545,0.029126136,0.02690218,0.011594219,0.025010571,0.030643871,0.031605237,0.019581868,0.023488475
0.005886991,0.003592686,0.000827559,0.010210589,0.016946369,0.001831975,0.00683434,0.002424516,0.007599961,0.004040432
-0.001620643,-0.020145979,-0.004961142,-0.006578047,-0.008372251,0.028204792,-0.006997774,0.058872083,-0.003742236,0.014245353
-0.027867888,-0.038218376,-0.024430705,-0.028969452,-0.019321294,0.017920056,0.029809751,0.042776279,0.022830048,0.023885064
0.005937445,-0.004539447,0.005451495,-0.01119909,-0.014735149,0.005619868,0.001984305,0.015283508,0.00459038,0.006355145
-0.025085356,-0.026982047,-0.015249221,-0.023792476,-0.033103639,0.009897608,0.040021915,0.025693817,-0.012394429,-0.016788538
0.013243829,0.033612837,0.019747194,0.030445023,0.018421924,-0.01253418,-0.000328208,0.009608957,0.007691974,-0.025612874
0.026888151,0.004372746,0.013249577,0.007897256,-0.007337893,-0.011275346,-0.004795447,-0.023343981,-0.006469183,0.007475876
-0.000363656,0.013275508,0.016596812,0.008829531,0.012463513,-0.007579944,-0.004818459,0.016338665,0.004418387,0.028724004
0.001000545,0.004970847,-0.004782367,-0.013860978,-0.006537091,0.007018524,-0.008755024,0.003434653,0.001099852,-0.004653498
0.01517353,0.026099805,0.00845069,0.011386691,0.040591353,0.004578037,0.006423609,0.003470345,-0.008325606,-0.000857245
0.000626466,0.006833355,0.004272052,-0.001209038,-0.002463628,0.017004533,0.012299574,0.000142098,0.002273648,0.021525573
-0.005098336,-0.006634182,-0.011779963,-0.009475874,-0.005186507,0.001471305,0.008406814,0.005684307,0.001977751,0.001755966
0.00503455,0.000320464,0.002152148,0.000906718,-0.003806678,0.002003463,-0.004754539,-0.004380425,0.007198904,0.002743789
-0.001967933,-0.017427599,0.001321698,0.008612537,0.000249269,-0.001799502,-0.00458082,-0.004872681,-0.005706458,-0.007068598
-0.000985943,-0.005542731,0.007919446,0.003384407,0.003820272,0.012485753,0.036026418,0.009775878,0.001565256,-0.002539446
-0.008433478,-0.015671737,-0.013586518,-0.016605325,-0.020269752,-0.00712217,0.008632486,0.035607998,-0.005961574,-0.001697242
-0.009319677,-0.009219637,-0.017590477,-0.013350213,-0.028035805,0.012154798,0.016548906,0.033471663,0.005182274,0.000541025
0.003744644,-0.004451014,0.000844661,0.00344959,0.002606464,-0.000918772,-0.001304904,-0.01442876,-0.001158651,0.003089417
-0.007188395,0.025690841,0.016371458,0.016016016,0.01759097,-0.000591057,-0.019286877,0.023235966,-0.004697577,-0.001462997
0.007698689,0.007058557,-0.004483685,-0.00447206,-0.001021902,0.000525713,-0.001966695,0.012382389,0.001048883,-0.007248606
0.009822674,0.007453725,0.023686471,0.015913395,0.005455622,0.012480355,0.013221316,0.018065477,0.024737991,0.028895608
0.009817266,-0.004010755,-0.005866138,0.006781702,0.008139102,0.008109423,-0.000501722,0.025004287,-0.000965624,0.000528347
0.016321667,0.001733226,0.01573515,0.016576074,0.006475452,0.007079041,0.005021206,0.001656797,0.014839593,0.006489067
-0.005704177,-0.011110216,0.003227338,-2.53E-05,-0.01595925,0.004281496,-0.003934467,-0.019350981,0.006443109,0.008921311
0.016681396,0.018707615,0.013028743,0.00865351,0.021567471,-0.003181559,0.006583447,0.00581863,-0.004509127,0.014563761
0,-0.007128677,-0.004763332,0.001218479,-0.000831178,-0.013979393,-0.004235717,0.005785034,-0.012469809,-0.004101524
0.005469112,-0.010171441,-0.001595415,0.000978545,0.002994768,-0.004531606,0.004754109,0.012795253,-0.00328442,-0.001029461
0.001295177,-0.004244389,-0.004474397,-0.008836233,-0.005805731,0.00474734,0.020670021,-0.016872321,0.008124168,-0.00537388
0.005777373,0.010860789,0.021187939,0.004299474,-0.005255735,0.010873806,-0.014639689,0.000711589,0.004001097,0.002442469
0.002657823,0.006814584,-0.001257438,0.002795229,-0.001257984,0.001344568,0.000309711,0.016815112,0.002750337,0.012330018
0.000940517,-0.000803915,0,-0.002335432,-0.000419809,0.006969654,-0.001608979,-0.006787608,-0.001231509,-0.00204206
-0.006577829,-0.005528094,0.000157368,-0.004153227,-0.013776873,-0.000126837,0.001549606,-0.005467196,0.004315431,-0.010231675
0.00197771,-0.007503197,-0.004878016,-0.001706186,-0.001107368,0.002222728,0.008973826,0.003539874,-0.00251107,-0.002805876
0.006350947,0.014212646,0.000632342,0.002076205,0.006310267,-0.002091227,-0.002392104,0.002448494,0.000950946,0.001554994
-0.004264019,0.000946307,-0.00458272,-0.008211737,-0.009236539,-0.008762842,-0.007378309,-0.003767176,-0.004694877,-0.001404583
-0.000256978,-0.009039904,-0.001428756,-0.00287881,-0.004875128,-0.002626585,-0.002477783,-0.010263809,0.001853272,0.000221956
-0.007795829,-0.019969978,-0.012082805,-0.014013939,-0.011173142,-6.43E-05,-0.006209593,0.005332012,0.000896819,-0.00754985
0.002849284,0.005067529,0.007080903,0.018553559,0.015732273,0.008286325,0.008810221,0.008853644,-0.002912053,0.001715196
-0.001119211,0.004657224,-0.004474397,0.00096676,0.015659772,0.010511474,0.002849237,0.006457759,0.001516377,0.008860202
0.005085373,0.03073248,0,0.009048158,0.016682079,0.000567523,0.001667543,-0.007444579,-0.003420914,-0.011808303
0.011148309,0.019911561,0.008667815,0.015276698,0.022706605,0.002457328,0.001418304,0.014834918,0.002926053,-0.002762948
0.009159414,0.001168348,-0.003182706,0.000620232,0.012073559,-0.004902713,-0.002832489,-0.008207348,-0.00538617,0.005841159
0.00100845,-0.001279876,-0.000319257,-0.00230589,-0.004403555,0.004737174,-0.002284511,-0.00131741,-0.003892382,0.013327445
0.005373221,0.003920085,0.009102493,0.003876782,0.013992747,0.002074656,0.001918523,0.013150864,0.007418733,-0.002939147
-0.004175356,0.018297408,-0.009178575,-0.001918516,0.004203402,-0.006963554,0.002903244,-0.007812483,-0.002529561,-0.004642295
-0.00176095,0.004301657,0.001437494,0.001885039,0.013583896,0.003411327,-0.003449176,0.00188651,-0.000281947,-0.000222193
0.00806445,-0.009080505,-0.002711369,-0.004047656,-0.003662093,-0.007303298,-0.007045805,-0.035038965,-0.000732833,0.006590459
-8.33E-05,-0.002766377,-0.000479745,0.001814571,0.000390983,0.004122467,-0.018174871,-0.006150873,0.006938955,0.001692317
-0.00175015,0.001931934,-0.003200152,-0.00483211,-0.002892394,0.00429504,0.006085802,-0.012292462,0.001064518,-0.005655288
0.001836721,-0.000877535,0.007062735,0.003546648,-0.003998448,0.003333332,-0.000251964,0.003413948,-0.001063386,0.001551204
0.000666701,0.011814467,0.003506478,0.017751084,0.014877141,-0.01059351,0.0025842,0.00202407,0.0001121,0.018215331
-0.000916062,0.005575386,0.008894651,0.005565655,0.00341272,0.017169286,0.008549521,0.004340832,-0.014228802,-7.25E-05
0.01592062,0.017119812,0.002518885,0.014322634,0.016309817,0.042416696,0.005049174,0.015277284,0.004318867,-0.004201131
0.000492365,0.003143982,0.009264904,-0.00421214,0.009887458,0.010516232,0.009364743,0.009820915,0.000509231,0.007128387
8.20E-05,-0.00402789,0.023494799,-0.010623116,-0.004518798,-0.008396501,0.001474855,-0.010977485,0.003732511,-0.000938846
-0.002623985,-0.00644916,-0.009881617,-0.025494639,-0.009078507,-0.012701123,-0.005521967,-0.012871916,-0.011606917,0.001012085
-0.002302161,-0.008309479,-0.007369714,-0.006892548,-0.005038853,-0.012985533,6.17E-05,-0.019580983,-0.003420209,-0.00642744
0.060980633,0.010771356,-0.016550628,-0.001374228,0.022329564,0.003365688,0.00376316,0.005886877,0.002002101,-0.001017602
-0.001708637,0.009130818,-0.006448659,0.003562951,-0.017938903,-0.010428763,-0.011984625,-0.001127145,-0.005651817,-0.003565231
0.004279024,-0.035418774,0.008073554,0.003706762,0.001070009,0.000862795,0.006904735,0.045744494,0.004937419,0.007520827
0.009374027,-0.00315971,-0.000628151,-0.000187105,0.008245549,0.009729083,-0.008401729,-0.00402568,0.000342917,-0.010798345
0.009517255,0.006017514,-0.003299817,0.007025662,-0.001665925,0.015367705,0.000124565,-0.001500104,0.003768992,0.001171808
0.003877449,0.008873873,-0.001418845,0.001747319,0.017900494,-0.007693233,-0.001370511,-0.007887559,0.007453617,0.009001359
0.007225959,0.002012862,0.011367086,0.001459701,-0.000447079,0.002869232,0.000811063,0.016068763,0.006268605,0.006019727
-0.002265491,0.007426752,-0.000936493,0.005076813,0.000372767,0.011869892,0.00193225,0.00484364,0.004602086,0.008218581
0.008855346,0.010961263,0.011249992,0.006845536,-0.001043289,0.010828377,0.007713713,0.014626033,0.011284973,0.00014314
0.012979585,-0.000167375,0.003730753,0.001477006,-0.001491958,0.002797075,0.007037541,0.012953158,0.003204052,0.010652547
0.003628961,0.007544324,-0.000619587,-0.001791739,-0.00306316,0.004747904,0.00711073,0.004329347,0.007066545,0.00587176
-0.00118052,0.001708797,-0.000154989,0.006324932,0.002997557,0.008919019,-0.003895451,-0.004390437,0.00941113,-0.004571524
0.002733655,0.001101703,0.001549985,0.004744266,-0.002316176,0.011123538,-0.036847105,0.003768357,-0.00250807,0.010315161
0.007220488,0.013454501,-0.002011794,0.004335341,0.001422916,0.01650166,0.018715974,0.005511575,0.002295779,0.014125968
0.002999421,-0.000969148,-0.002015834,-0.001082129,0.017947906,-0.001139332,0,-0.000119077,0.014560756,0.001585806
-0.004230274,-0.003997128,0.004039827,0.000686127,-0.005583265,0.008553839,0.012642616,-0.00214506,0.006181501,-0.003717642
0.000952314,-0.008155472,0,-0.003235781,0.000591024,0.003279385,0.00282899,-0.015287319,0.00117528,0.008568833
0.001975674,0.004022556,-0.00603524,0.000772367,0.007161858,0.011215073,0.014227948,0.008004915,-0.002667856,-0.004453433
0.000438175,-0.004242125,-0.003892339,-0.007319611,-0.006377912,0.004458513,0,-0.002493246,-0.002996242,-0.002684162
0.020439312,0.009514389,0.015004795,0.014613486,0.013870482,0.020418469,0.015479476,0.018745527,0.018835526,0.012214307
-0.005937247,-0.004888221,-0.014320933,-0.005519354,-0.004802816,-0.005002413,-0.003751352,-0.006529321,0.000158091,0.00865825
0.005900815,0.001142679,0.003749276,-0.001866039,0.002997975,-0.004426524,0.005319448,0.007289168,-0.003054484,-0.000946172
-0.003147833,-0.003847626,0.000311281,-0.001567989,0.001822556,-0.006861383,0.002972542,-0.003479801,-0.002165692,-0.004600323
0.001291898,-0.000696856,0.002022862,0.004989181,-0.000873199,0.006024531,-0.002370964,-0.004404644,0.001005752,-0.001504472
-0.003727045,0.005295359,0.00916138,0.00415913,0.00305898,-0.001538334,0.001401478,-0.002630472,0.002221145,0.006163555
-0.002302316,0.002939447,-0.004000587,0.003962314,0.003775806,-0.006437794,0.000595559,-0.000239784,0.002057932,-0.002042005
0.003317093,-0.000633034,0.003089707,0.005449047,0.003978501,-0.010356087,0.011725484,-0.00719473,0.00689842,0.001568748
0.000431105,0.002498657,-0.003388211,0.002715657,0.005836249,0.001958618,0.001353132,-0.000885826,0.001621236,0.003949498
-0.001508492,-0.00241051,-0.004636033,9.46E-05,-0.002005723,-0.001787172,-0.00675642,-0.001772969,-0.006213364,-0.001831331
0.010576375,0.000516043,0.005278688,0.001868472,0.002871045,-0.000111949,0.016088906,-0.003794706,0.004570967,0.005368223
0.001637198,0.000527582,-0.001698815,0.001864987,0.001932465,-0.002909816,-0.002794133,0.005835187,-0.004654877,0.005272101
-0.004975227,-0.001300632,0.003558137,0.00393502,-0.001071569,0.010718986,-0.009340332,-0.017242685,0.010771966,0.005849523
0.010500824,0.005467463,0.000924837,-0.004365548,0.000715146,-0.003942341,-0.010017769,-0.0073789,0.003379042,-0.012031904
-0.011452168,-0.016068193,-0.01108879,-0.021145688,-0.010218715,-0.019120147,-0.001785635,-0.037746806,-0.004559361,-0.008051437
0.011298658,0.00576374,0.012770519,-0.001047606,0.007797278,0.00579662,-0.003995245,-0.008283276,0.000468492,0.005115537
-0.003535591,-0.000801822,-0.002460313,-0.014477042,-0.000429809,0.001582137,-0.010417439,0.003592013,-0.000416201,0.004275307
-0.001986844,-0.002088815,0.001695736,-0.003852863,0.005805182,-0.008123612,-0.001754378,-0.015049593,-0.003278956,-0.001892049
0.001706463,0.001430946,0.001846591,0.006237512,-0.000142433,0.001592581,-0.002424077,-0.012827806,-0.005639388,-0.005687004
0.020726818,0.010840548,0.002918641,0.001720507,0.010262172,0.007154906,0.00455635,0.01707456,0.002940691,0.002247081
0.002225245,0.021401877,0.002756837,0.012778334,0.00627821,0.001522346,-0.011551202,-0.003837158,-0.001623103,-0.001087124
-0.001318363,0.00231039,0.003666027,0.000108282,-0.00168237,0.00197033,0.009483592,0.012125243,0.003146743,-0.000611809
-0.001875882,0.011639262,0.002282599,-0.002333135,-0.002527919,-0.006292833,-0.005939828,-0.006487305,0.00026141,-0.000816683
0.000278571,0.0056061,-0.004706879,0.010837058,0.00161912,-0.001187431,0.009633472,-0.003308444,-0.003188285,-0.001430349
0.007445928,0.017184335,0.002746137,-0.004746266,-0.003865638,0.011604937,-0.003744107,0.001310268,-0.002778928,-0.001909728
-0.005180561,0.002701732,-0.002586582,-0.003786422,0.000846751,-0.009065501,0.002424802,-0.006978882,0.000262827,0.002050099
-0.002499721,-0.012097483,0.00259329,-0.004245761,-0.004793852,0.001637658,-0.000181618,0.004304552,-0.001839641,0.004091696
-0.002227528,-0.003785038,-0.000760749,-0.0038774,-0.00276262,0.008344277,0.004112886,-0.003323934,0.000526484,-0.00074697
-0.00118583,0.013588384,-0.002283939,7.28E-05,0.001846811,-0.007212876,-0.00325271,0.004432019,-0.001473751,0.007340356
-0.010756543,-0.005159633,-0.000762946,-0.00167328,-0.007940975,0.005688305,0.002115081,-0.005024165,0.001897715,-6.77E-05
0.001200478,-0.006793303,-0.003818035,0.001178151,-0.002429931,-0.01411223,-0.001628077,-0.008737989,-0.001946705,-0.011200993
-0.005289282,-0.012898472,-0.004292487,-0.000921983,-0.001361248,-0.002442352,-0.003624094,-0.010764192,-0.005535139,-0.004299013
0.005529987,0.01957793,0.008160183,0.016525797,0.014563448,0.019359872,0.013457813,0.013165044,0.009064505,0.00959499
-0.004441983,0.001984544,-0.001374395,-0.000418047,-0.003252659,-0.006535518,0.008433949,-0.047158207,-0.000735446,0.003054629
-0.003682816,-0.005067624,-0.005352527,0.001661068,0.009293395,0.003092468,0.003914987,-0.006957557,-0.002050251,-0.003654586
0.012510889,0.003180589,0.007072444,0.004103986,0.010754192,0.005044846,0.01353009,0.018543495,0.007006341,0.010188892
-0.001193651,-0.003913231,0.013740478,0.001829713,-0.000834562,0.006023589,-0.002215086,-0.005503054,0.001778594,0.008606638
0.009629627,0.009882746,0.017018046,0.023209488,0.012458297,0.009313574,0.006835662,0.029327735,0.014255809,0.012600083
0.006196028,0.000231452,0.005775383,0.011057511,0.007011782,0.007964294,0.009922857,0.01527644,0.004633799,0.007505382
-0.005881085,0.001839958,-0.001325247,-0.000653454,0.000477801,-0.009808652,0.001953557,-0.001897398,-0.000666247,0.007776364
0.000765548,0.009996841,0.006486824,0.002890826,0.007778378,0.008309975,0.001433751,-0.001724119,0.005692295,0.012320014
-0.000973703,0.00719744,0.002782999,0.036271115,0.017264746,0.008787254,0.001431431,-0.008901342,-0.001427843,-0.000128152
0.020396905,0.025124585,0.013876945,0.007296111,0.014708865,-0.013201339,-0.001658259,0.004691673,-0.005208524,-0.012107603
0.006344573,-0.001360406,-0.001584982,0.004240765,0.002098859,0.005756899,-0.002577397,0.001200758,0.008829015,0.004798706
-0.003050596,-0.006241127,-0.003174435,0.01156647,-0.006414426,-0.000272508,-0.009188184,0.005286173,0.005597125,0.000322649
-0.003604102,-0.003719329,-0.003908624,0.004983598,-0.006258215,-0.001745051,0.00857782,0.001237208,0.009512805,-0.000903339
0.016583725,-0.003605223,0.002761159,-0.004862255,-0.004043759,0.010596939,0.000574561,0.001235684,-0.00055151,0.005618074
0.027188433,0.015939575,-0.000869481,0.007733525,0.005457887,0.005459332,0.001837901,-0.008110467,-0.003761272,0.007448886
0.006404994,0.003983003,0.001450535,-0.002279787,-0.003839547,0.004784499,-0.006879125,-0.005643632,-0.003473293,0.005035296
-0.004740639,-0.004061622,0.003910785,-0.003636626,-0.001262646,-0.012453562,0.000865768,0.005005509,-0.006668031,0.002853934
0.008648233,-0.001401567,-0.01226385,0.001959503,-0.001663451,0.004148911,-0.000403613,-0.000533781,0.000559318,-0.012205112
0.013965712,0.01448891,-0.001168523,0.001740807,0.001932878,-0.003751232,-0.008712233,-0.008631386,-0.000914825,0.004609385
-0.002562445,-0.003515894,0.000731267,0.005213411,-0.000931284,-0.004692937,-0.001629742,0.010322201,0.005392451,0.002612759
-0.001477145,0.008455417,0.020135322,0.006317479,-0.002729895,0.001699499,-0.019879935,0.002132299,0.001416861,0.005911273
-0.033575657,-0.02205844,-0.027805931,-0.024793218,-0.032914895,-0.02145585,0.004401711,-0.052659573,-0.009632341,-0.013711717
0.015241134,0.01453277,0.003408391,0.011548243,0.019399364,-0.007718997,0.015338068,0.006737751,0.002053165,-0.002498582
0.003409039,0.001408504,-0.000295242,0.004052739,0.002708885,0.018940152,0.006649285,0.001068935,0.002868176,0.003853612
0.006076091,0.011283084,0.011227403,0.008404594,0.001215771,0.016098719,0.012225375,0.002924961,0.01384049,-0.00217527
-0.001233921,0.000896283,0.003360434,0.007389657,-0.001146775,-0.000979937,0.002976634,0.016757609,-0.003929221,-0.007245426
-0.002990885,0.009068076,0.001310134,0.006471212,0.013304423,0.009591728,0.002111542,0.019076736,-0.001213701,0.001097911
0.003456329,0.013291201,0.01236029,0.015267609,0.012796681,0.009824681,0.014009983,-0.006076033,0.010380167,0.009419419
-0.001689585,0.002416018,0.004883532,0.001990628,0.001118702,-0.002565954,-0.00308905,0.004764685,0.005662996,-0.009970684
0.000390503,0.000923882,0.006432467,0.004539547,0.001643331,0.001554246,-0.005126843,-0.019570862,0.008820471,-0.000843953
-0.005921795,-0.002086904,-0.008095613,-0.011292392,-0.006037524,0.004013307,-0.007984614,-0.032780979,0.010027819,-0.002404627
0.00274933,0.001337211,0.003722777,0.002166145,0.000462115,-0.001652206,0.02511707,0.017750723,-0.000586962,0.010683315
0.014819212,0.010823804,0.023680448,0.008945617,0.013726668,0.015534772,-0.001057911,-0.007906581,0.011499865,0.00128916
-0.009778067,0.004579229,0.007246356,0.0082821,0.000130226,-0.006728556,-0.000111648,0.003187836,-0.002322221,-0.003604892
0.00337815,-0.008246511,0.003320319,-0.007227946,-0.005337545,-0.011643323,0.0080841,0.002523443,-0.003927832,-0.003811562
0.005956702,0.00704886,-0.00179239,0.00447484,0.002028643,0.007228914,0.013217387,0.00582672,-0.001947289,0.00492878
-0.002445831,0.000198019,-0.006078364,0.002517963,0.010384091,0.009728777,-0.008296461,0.013810437,0.004536431,-0.009421788
-0.038776751,-0.031635129,-0.022654608,-0.034146446,-0.033029544,0.000526502,-0.001265838,0.016822014,0.004807219,-0.003518035
-0.023895626,-0.013697115,-0.007679116,-0.007296035,-0.007754037,-0.000157803,-0.012178966,-0.002382696,0.002222866,-0.005099292
0.008045507,0.016457499,0.012467868,0.011135857,0.015090211,0.005736829,0.010041843,0.010319584,0.008293633,0.011893852
-0.009754994,-0.00440462,-0.00537878,-0.002769052,-0.002853683,0.006750797,0.0072355,0.010303181,0.004303909,0.017988018
-0.00599354,-0.012596381,-0.005265306,-0.008887639,-0.002994988,0.015958046,-0.006772754,-0.014480523,0.006094961,6.39E-05
-0.013999444,0.024414823,0.001430599,-0.002684858,0.00560745,0.005065145,0.006929853,-0.006361141,0.009228972,-0.000829297
0.028607504,0.007552785,0.012428566,0.01871711,0.014803479,0.013439266,0.007652918,0.019476109,0.00056275,0.013853514
-0.009088356,-0.002592478,-0.013545973,-0.00704011,-0.004055701,-0.003767364,0.001365945,-0.004554819,0,-0.007178354
0.005930498,0.009711918,0.005149444,0.009278065,0.010903146,0.004235367,0.009002977,-0.01159485,-0.002343447,-0.006849795
-0.001645103,-0.000927923,-0.000142243,-0.002459727,-0.00331369,0.001355672,0.008544248,-0.012225366,-0.003006644,-0.007088532
0.004463327,0.002436834,0.013521201,0.008881087,0.010886656,0.013989133,-0.006702288,-0.011739472,0.003204217,-0.026820276
-0.003144641,-0.009723644,-0.009549197,-0.013794682,-0.009544147,-0.011125895,-0.000701813,0.014963839,-0.001362161,0.000727033
-0.014332879,-0.017304122,-0.018715552,-0.026190054,-0.019597591,-0.005450527,-0.002808894,-0.000725847,-0.013310687,0.005415434
0.014610732,0.013872098,0.008524941,0.014191251,0.017665048,0.003670262,0.005958683,0.013346714,0.004004147,0.0065029
-0.01474313,-0.014540632,-0.018767984,-0.024136367,-0.014356643,-0.010820464,-0.002315492,0.00533101,-0.013151571,-0.006982902
0.002366351,-0.008125576,0.006424259,-0.009871537,-0.000397226,0.001468681,0.000809561,-0.011184939,0.001635753,0.008149222
-0.0036106,-0.014814077,-0.011025653,-0.011037347,-0.016889675,0.004247706,0.006633589,0.024245194,0.007877375,0.00397648
0.004111456,0.018602071,0.013349035,0.014476477,0.012868039,0.01621419,0.008572168,0.003343832,-0.000333595,-0.008570713
-0.00943847,-0.006444316,-0.007382789,-0.005506159,-0.010110343,-0.001635121,-0.006958669,-0.005919991,-0.008295174,-0.004191562
0.01015897,0.014111937,0.012979417,0.01312469,0.017605126,0.00441731,0.005456239,-0.006219938,0.007547389,0.00118379
0.006103489,0.018094283,0.007486507,0.011114818,0.013602734,0.007857007,-0.00537361,0.002485763,0.004294125,-0.006897591
0.003240103,-0.002348255,0.000142832,0.001388931,0.011530971,0.011325725,-0.005348924,0.004915053,-0.003943221,-0.003836318
0.001443011,0.012453105,0.016573793,0.014772753,0.023378566,0.00082414,0.003979593,0.001938833,0.007822217,0.013213829
0.013928837,-0.005841974,0.008713703,0.003528131,0.002265582,-0.001017417,-0.006481458,0.013237043,-0.000993963,0.004587342
0.008594257,0.00117925,0.014072885,0.009322625,0.004458157,0.01105581,0.007655914,-0.007812424,0.00322137,-0.002674638
0.003489198,0.008215111,0.00783178,-0.00268832,-0.001500313,0.002350025,-0.002942678,0.002887123,-0.000424956,0.006606502
0.003476964,0.014266735,-0.000681447,0.012565334,0.019595599,-0.003636425,0.002683073,-0.025953141,-0.001747922,-0.011176819
0.006263234,0.002362286,0.007639647,0.005686753,0.007859499,0.012677656,0.012523415,-0.001970296,0.003738597,0.007425971
-0.004502787,0.001782072,0.004874151,-0.002822144,0.00237602,-0.002845263,0.012209928,-0.002557516,0.001650186,-0.040900268
-0.000465473,-0.002945375,-0.005793615,0.00492688,-0.000607828,0.008845427,0.001462137,-0.009536712,-0.00607202,-0.002584668
0.012111447,0.012947543,-0.002574782,0.007626572,0.009548179,0.000188451,-0.004640701,-0.009083437,-0.005493474,-0.014115191
0.004273855,0.000885552,0.008016234,-0.030234423,-0.004337355,0.001319633,-0.002566975,0.015583551,-0.050523782,0.01653073
0.004713925,0.012434299,-0.001887086,-0.003050409,0.001996624,0.098795092,0.001838252,0.003023653,-0.001805672,-0.001905163
-0.018897503,-0.006459013,-0.012018764,-0.014465036,0.029164911,0.032341006,-0.009541292,-0.003464572,0.005125043,0.007089915
-0.007040405,-0.024818377,-0.001640308,0.007964973,0.011792977,0.00112037,0.011750301,0.009617176,-0.001649636,0.002369228
-0.005150572,-0.031626161,-0.004655077,-0.011715005,-0.018556086,0.00493228,0.003452815,0.00769194,0.007260046,0.010264539
0.008875205,0.008514014,-0.001650463,0.000354666,0.003604142,-0.012455698,0.002189619,0.007411316,0.009991576,0.001671229
0.047250826,-0.000301134,-0.004408937,-0.000472699,-0.003296821,-0.006222885,0.004005588,-0.003215789,0.01097555,0.004337631
-0.009991039,-0.009007051,-0.0015223,-0.007244264,-0.00419378,0.001260754,0.009171178,-0.010076468,0.0107589,0.001926825
0.005270852,0.000668782,0.007345708,0.004666267,0.006109491,-0.002266475,0.000564783,0.025893922,0.000144533,0.012998322
0.015474284,0.004748985,-0.00385236,0.001508646,0.01391346,0.010601084,-0.000513249,0.013621162,-0.001011213,0.00392803
0.007997001,-0.002448923,0.005386727,-0.002765351,-0.004360972,-0.00303867,0.000616073,-0.003735144,-0.004868993,0
0.006121829,-0.007910386,-0.004396232,-0.004197234,-0.000292022,-0.015835035,-0.000359095,-0.004481777,0.0002423,0.012455152
-0.031851727,-0.025549665,-0.014626755,-0.016968289,-0.022082014,-0.006103019,-0.011599858,-0.023851841,-0.001210842,-0.008888279
0.013906735,0.011568373,0.015263888,0.007881073,0.004062175,0.008588059,0.002336786,-0.00598674,-0.001212231,0.006498578
0.01504949,0.015816277,0.015034419,0.009055182,0.015885281,0.009664409,0.003574808,0.014320815,0.006748256,-0.004003251
0.010947763,-0.000569509,0.00027323,-0.000487728,0.001464129,0.008517964,0.004078188,0.001011582,-0.000916301,-0.026513662
-0.004022365,-0.004640085,0.005872782,0.005139827,-0.005847953,-0.00660627,-0.003753183,-0.008699808,0.003571844,0.013851026
-0.019198363,-0.018002807,-0.016972069,-0.017239192,-0.018176447,-0.008417809,-0.005522013,-0.018571899,-0.012360539,-0.016945768
-0.002280491,-0.002186239,0.001242955,-0.00034029,0.002995626,0.000764053,-0.009756063,0.003296972,-0.008862878,-0.014565367
-0.001841267,-0.00540444,-0.004690301,-0.004403362,0.002210113,-0.000381737,0.006341012,-0.006122034,0.005011583,0.011594004
0.016347487,0.014276921,0.013998663,0.019886208,0.011085946,0.017269136,0.014372787,0.012636407,0.004448727,0.004758704
0.001251696,-0.009204699,-0.006014246,0.002498132,-0.00548215,-0.006923875,-0.002823562,-0.003756995,-0.00790563,-0.005403174
-0.004438032,-0.005793307,-0.000412495,-0.006170411,-0.005749523,0.002730046,0.002625627,0.001122364,-0.002713737,-0.00570092
0.003704316,-0.007548955,0.001788305,-0.005850571,-0.00846547,-0.011937628,-0.002002578,-0.002331969,4.95E-05,0.009443271
0.010071417,0.000804022,0.000137481,-0.002271034,0.005531493,0.005468651,0.00375596,-0.009529356,0.001632696,0.011627351
0.008918144,0.00849874,0.003020693,0.008185487,0.004843327,0.013955664,0.008406272,0.001639374,0.002271911,-0.004385434
0.002700782,0.014181528,0.013141673,0.00898743,0.011127611,-0.000124658,-0.004320529,0.011183787,0.003794598,0.0010677
0.00397918,0.013445725,0.010268795,0.010499489,0.012064519,-0.003327039,0.015417511,0.005934779,0.003092995,-0.000866591
0.000304946,-0.002396468,-0.011100604,-0.002118521,0.000290766,0.002795558,0.00427355,0.009564667,-0.003719716,0.006071911
-0.012008538,-0.013268571,-0.004463224,-0.009484301,-0.007557278,-0.013855916,-0.002202824,-0.035859756,-0.01267433,0.014259069
-0.001048895,0.002620995,-0.002852679,-0.000689336,0.008024807,-0.010042236,-0.004666066,0.004821367,0.005323888,0.023736457
-0.00401457,0.012058259,0.012806411,0.008773363,0.006508287,0.007203178,0.002732373,-0.013663601,0.011927774,0.008750568
-0.016309079,-0.013854378,-0.004842524,-0.010096706,-0.013047803,0.010452359,-0.002119343,0.006347363,0.00601578,0.010954257
0.018092459,0.012485762,0.010543432,0.002784692,0.014975127,0.007580228,0.009254033,0.017724694,0.018814734,-0.008079605
-0.003962927,0.004724114,-0.001070116,0.003218227,-0.003169777,-4.15E-05,-0.01057215,0.022120739,0.00038177,0.009724124
-0.007522128,0.017321703,0.007096842,0.003240121,0.000520328,0.005611336,0.004355126,0.002699703,-0.000715462,0.000687957
-0.008581252,-0.007392911,-0.005850316,-0.010672814,-0.012077411,0.013640356,-0.003025318,0.001280066,0.009260522,-0.003999594
0.010108662,-0.005462598,0.00722221,-0.005210199,0.003977492,0.015373346,0.002275774,-0.007185451,0.009081009,-0.006148786
-0.007568135,-0.01276865,-0.001991653,-0.005748164,-0.009496644,0.016385536,5.06E-05,0.010256697,0.001921754,-0.003724827
0.000378127,-0.004444736,0.003725257,0.007442621,0.014763891,-0.002449824,-0.017861687,0.00606512,-0.000935639,-0.000950482
-0.016757975,0.003454145,-0.006627725,0.010598734,-0.002028785,0.011883116,0.005651204,0.003844235,-0.01428173,0.006469575
-0.017171861,-0.008795633,-0.009741193,0.000933892,-0.006156688,0.002270404,-0.002758615,0.006527739,-0.000332458,0.003214087
-0.00977885,-0.009900013,0.002695118,-0.00420396,-0.003331237,0.001601323,-0.011167495,-0.001124212,0.001520545,0.004899764
-0.008822317,-0.016029733,-0.015455002,-0.008141964,-0.044974776,-0.008305682,-0.006631077,-0.003332831,-0.000142299,0.007063852
0.017203545,-0.001266242,0,0.004223823,0.008227495,-0.002437939,0.004954376,-0.001389678,0.001423595,0.000993175
0.007117767,0.013072682,0.008053532,0.02122484,0.021131392,0.006227789,0.00928904,0.020961921,-0.007344862,-0.002108445
-0.006159638,0.005815757,0.000270826,0.005304461,0.006261946,-0.003956385,0.008278102,0.003024436,0.00033417,0.008948554
0.005480118,0.005175608,0.008393101,0.010121101,0.012682979,-0.000235997,-0.00127489,0.007304513,0.001670202,0.007390893
-0.002011344,-0.002246813,0.001610992,-0.006088942,-0.008193329,0.00700213,0.008118375,0.014587385,0.013625495,0.002812571
0.004355943,-0.002178949,-0.004691007,0.00474153,0.002891403,-0.002070394,0.006027239,0.004030768,0.008507252,0.007011229
-0.006473206,0.008724309,0.005790438,-0.006379253,-0.009061008,0.001174291,0.009313694,-0.005421742,0.009088038,0.000726523
0.012444541,0.015951073,0.01713747,0.019208168,0.016743896,0.012238164,-0.012869053,0.023927494,-0.000692803,0.005021552
-0.000579211,0.008900486,0.000394955,0.009206558,0.005781307,-0.001197569,0.000808545,-0.000162579,0.000693284,-0.001625309
0.003477086,0.00142482,0.003815719,-0.001930774,0.001567694,-0.00073471,-0.008886193,-0.013088379,0.000738851,-0.000844183
0.000384993,-0.003824436,0,-0.004503607,-0.005275386,0.009830086,-0.008252821,-0.000823683,0.000323066,-0.003319032
0.004169528,0.007901122,0.001704024,0.017119087,0.006702075,0.001954599,0.002979259,-0.000824491,-0.001107248,0.000544859
-0.003513306,0.005959792,0.009160002,-0.001435414,-0.00109993,0.001797772,-0.011983952,-0.01072598,0.004988208,-0.00399391
0.006346112,0.002008141,0.004797686,0.001872768,0.006896563,-0.004467197,-0.002073383,-0.005296068,0.000597455,-0.000729084
0.018408781,0.003390058,0.002064726,0.002344199,0.004489461,-0.003797007,0.003532025,0.016266246,0.004593094,-0.001519964
0.003690278,0.002772401,-0.000772716,0.000181445,0.009110686,-0.004350273,0.055331327,-0.026071509,-0.004434899,-0.005297751
-0.004424474,-0.01202026,0.000257876,0.00063497,-0.000454273,0.005490642,0.006572142,0.025159865,0.002388064,0.00061204
-0.023660581,-0.010421279,0.003865467,-0.00842053,-0.008350855,-0.003845596,-0.009647676,-0.008428629,0.004444042,-0.001284635
0.001731061,-0.003750228,0.011551658,0.003809234,0.002406038,0.022042996,0.020861032,0.019750727,0.009487343,0.001163813
-0.000512008,-0.016898786,0.000253871,-0.019985833,-0.021202378,-0.00917844,-0.002313382,-0.010623861,0.001039262,0.008015649
0.005955025,0.00993484,0.000380626,0.002158053,0.003094523,0.014028679,0.005506883,0.011192241,0.059128766,0.00783055
-0.004391957,-0.003063891,-0.002916681,0.002874729,-0.006984849,-0.028496234,-0.002834376,-0.012783787,0.012912852,0.000241016
0.006393323,-0.000493345,0.0016533,-0.000791118,0.000175844,0.003289045,0.007660357,4.14E-05,-0.019942757,0.009513931
0.035830049,0.132163712,0.064118988,0.048027908,0.042489596,-0.010838067,0.016495406,-4.14E-05,0.007727308,-0.001849073
0.022508469,0.008992257,0.000954466,-0.002119198,0.011187261,0.010879067,-0.015098766,-0.003392563,-0.015847241,-0.012130886
0.013915533,-0.005014131,-0.008463518,-0.000462064,0.001056335,-0.004898801,0.003963861,0.006600588,-0.003592824,0.002843029
-0.012718931,-0.001447574,0,0.008714968,0.014439665,0.002015569,-0.003282229,0.007340717,-4.36E-05,-0.002412746
0.007310276,-0.0085714,0.010459345,7.80E-05,-0.020475232,0.01597671,0.007492988,0.010726347,0.008906203,-0.016144627
0.026113784,0.015883465,0.001070672,0.006727924,0,-0.003350591,0.008384598,-0.010045409,-4.31E-05,0.010325031
0.010144934,0.008150466,0.003922079,-0.006372962,0.006986363,0.008863377,-0.003523289,-0.003723366,-0.008225007,-0.001034054
0.003213741,0.00223976,-0.00236776,0.007242355,0.000444036,0.007800997,0.00273424,-0.015113548,-0.001128849,-0.003410064
0.008180456,0.008645139,0.003441353,0.006309717,-0.003828028,-0.002104218,-0.009073746,0.006004735,-0.000956273,0.002382966
-0.002042665,-0.003310148,-0.005558171,-0.008260774,-0.001447956,-0.005489242,0.003748117,-0.001906711,-0.006265525,-0.004754602
-0.003309632,-0.003347736,-0.002616113,-0.003093365,-0.004684863,-0.007042303,-0.00231609,-0.002657937,-0.004115811,0.005144858
-0.004007611,0.00339456,0.000715313,-0.002256603,0.001737067,0.006018791,0.007533113,0.000499676,0.003385359,0.007555915
-0.015117601,0.006792531,0.001429796,0.000243724,-0.003915629,-0.002515071,-0.004467227,-0.012610729,0.004863746,0.016389465
-0.01319012,-0.00892828,-0.00777238,-0.00496104,-0.000673948,0.00420224,-0.008738489,0.001559554,-0.008415822,-0.015411243
0.011947123,0.009408177,0.002651224,0.011352644,0.009216066,0.003195737,0.006051766,0.007407023,0.008882984,0.012268071
-0.005552379,-0.006515518,-0.009615394,-0.012987867,-0.003285239,-0.005460739,-0.00582589,-0.005639763,-0.000261455,0.001432931
-0.000999093,-0.00315958,0.001577722,-0.000696722,-0.001452486,0.009036701,0.001667487,0.000462209,0.009286718,0.016155944
0.018590372,0.011701867,0.014418956,0.015819228,0.017455499,0.008918156,0.011177199,-0.000461996,0.011231547,0.01413899
0.010511824,0.01462939,-0.007286123,0.001420962,-0.005443781,-0.006891627,-0.006491117,-0.006680108,-0.005731649,-0.004628031
5.71E-05,0.025809546,0.001804796,0.004488614,0.010560093,0.002753161,0.006107383,-0.002030214,-0.000863707,0.001569294
-0.005029531,0.008288327,0.007326475,0.013069235,0.001367765,-0.00112838,-0.000517642,-0.003560054,0.01132341,0.010619146
-0.005858905,-0.001864797,0.012042346,-0.006450259,-0.003332792,0.00907449,0.017608325,0.018289341,0.006965806,0.013837798
-0.020743153,-0.02708609,-0.018143254,-0.024584509,-0.039962685,0.004888217,0.031183497,0.011313158,0.010100516,0.008936658
0.013984001,0.013330216,0.009959215,-0.0002447,0.011705521,0.027850109,0.02719132,0.026019238,0.021553748,0.014499294
-0.004655281,-0.012237114,0.001069305,-0.011004386,-0.011739401,-0.019580933,-0.00609199,0.005289864,-0.008184623,0.003336675
-0.007307721,-0.024433282,-0.037740348,-0.011374313,-0.020731039,0.024283201,-0.023635197,0.00682869,-0.007837414,0.024830946
-0.000942367,0.006719869,0.006289975,0.006478583,0.007931422,-0.008741972,-0.006006755,-0.009255896,-0.004179601,-0.011087054
-0.003713743,0.009443162,0.014585178,0.013162195,0.018688862,0.009907889,-0.000681439,-0.009584022,0.001720887,-0.011211355
0.001834311,0.006456427,-0.003503269,0.012323542,0.023173924,0.013296417,0.000954681,0.010611906,0.006829507,0.006637089
0.000295211,0.001905484,0.020245009,0.005936382,-0.006328406,0.013937696,0.017079369,0.00720149,-0.009030369,0.007747321
0.01948404,0.005955287,0.012713805,0.003905238,0.000223425,-0.009583791,-0.005091327,-0.000878777,0.00491329,-0.006324642
-0.005617691,-0.003285159,0.004106557,-0.00059552,-0.011617438,0.023944129,-0.0012569,0.03018424,-0.011366473,-0.002469074
0.003319751,-0.000815353,-0.002687524,0.000124947,0.00757231,0.006552988,0.008359897,-0.008227188,0.010694031,0.006765598
-0.000290244,0.008701782,-0.007732827,0.008206762,0.000504745,0.00699011,-0.013817736,-0.000313113,-0.004307673,-0.004917193
0.010161368,0.004155813,0.025504713,0.014335335,0.010034161,0.000204196,0.002576342,0.006615083,-0.000336039,0.002470784
0.014082983,0.009701936,-0.005411692,0.01216895,0.003552081,0.007484583,0.00383186,0.011082075,0.001764716,0.011775632
-0.010656474,-0.002687725,-0.006367146,-0.005997327,-0.00724484,0.00374821,-0.002829273,-0.013614228,-0.000125813,0.006766551
-0.001088514,-0.008219786,-0.003611897,-0.005351835,-0.009024545,0.002186567,0.001531294,-0.005068747,-0.006166388,0.007151381
0.003785431,-0.002428615,-0.000233774,-0.001239444,-0.00247345,-0.009634033,-0.003102811,0.022846693,-0.009032599,0.004110816
0,-0.005447943,0.000116956,-0.003300029,-0.001408848,0.000237352,-0.007623241,-0.007815826,-0.000212999,0.000265835
-0.025369974,0.007189586,-0.001286432,-0.003188323,-0.006828397,0.00088098,-0.001818197,-0.004826765,0.00306744,0.011853466
0.00017592,0.00467385,0.003629989,-0.006974275,0.009261833,0.000880204,0.003734034,-0.006867955,0.003185395,-0.000892939
0.002813584,0.003247988,0.000116681,-0.001172113,0.001689016,0.002469491,0.010661515,0.002148842,-0.002032216,-0.002155769
-0.010813617,-0.014020745,-0.002099834,-0.001660075,-0.008205885,-0.004859112,-0.010369459,-0.006783641,-0.001484797,-0.001317366
0.017904533,0.016708457,0.004793045,0.017775206,0.028108301,0.006544346,0.003175203,0.003572033,0.001147165,-0.007914287
-0.000174194,0.012775284,0.00465392,0.016413127,0.017914232,0.003234026,0.0104901,-0.009308876,-4.24E-05,0.005211893
0.00464501,0.004476013,0.008801377,0.003621355,-0.0018411,-0.003794381,0.004340378,0.013975965,0.013071308,0.007936141
0.011385332,0.016162542,0.012398125,0.01457102,0.013671155,0.041021908,0.019068906,-0.005100518,0.007791932,0.010445635
-0.003714246,0.014424703,0.001020471,0.00427312,0.00765316,0.004241758,-0.017356759,-0.014519437,-0.003242412,-0.002389631
-0.000114681,0.004675673,-0.00067959,-0.000614244,-0.002177629,0.026696744,0.004983146,0.008458794,0.006213849,0.005519709
-0.000229557,0.001301193,-0.004534158,-0.003299428,-0.00015968,0.005746876,-0.007437623,0.001535753,-0.000580222,-0.00673226
0.005680277,0.017818356,0.002960595,0.002639224,-0.000372615,0.024542544,0.005307796,0.003145593,0.004851901,0.015015598
0.010326272,0.022339111,0.017257119,0.015142186,-0.044735628,0.024655654,0.014419464,0.007447104,0.008914266,0.008937767
-0.005082051,-0.00026047,-0.013950968,-0.00044553,-0.005463545,-0.003123009,0.018631894,0.005563564,0.001104397,-0.000560013
0.016516191,-0.007556355,0.020260318,0.009110656,-0.00442846,0.047290916,0.023744036,-0.018610223,0.013769701,0.017879925
0.000893349,-0.001297339,-0.000443764,-0.001934611,0.01238737,-0.03091086,0.019838157,-0.010565701,-0.008867011,-0.007456684
-0.004462758,0.000974245,-0.001109913,0.006833102,0.00828693,-0.007143714,0.000781443,0.020520338,0.009230954,0.015126251
-0.00818111,0.025282411,0.017888994,0.016087814,0.02250539,0.000799437,0.000862838,0.021083855,-0.003545803,0.015546697
0.000225923,0.026542389,0.003165523,0.012251072,0.021470632,-0.007130186,0.006774598,-0.005468101,-0.004003165,0.002151881
-0.0159286,-0.003691656,-0.000870464,-0.004897545,-0.014787446,-0.002681782,-0.001468178,0.021492714,0.00560265,0.00644216
-0.017851029,0.015056936,0.005554348,0.005265242,0.004985221,0.025157468,0.001347728,0.012609058,0.018854198,-0.004121785
0.00233771,0.017489821,0.018737115,0.004673711,0.013441455,0.00032069,0.013418814,-0.003308132,0.024845454,0.00905683
-0.020698497,0.011147965,-0.001488379,-0.000221127,-0.021157916,-0.006992559,-0.004266117,0.016185653,-0.010130226,-0.011146986
-0.005894173,0.014206232,-0.012563924,-0.01011417,0.006129686,-0.009125092,-0.043490631,-0.012991846,-0.017460351,-0.015176739
0.002754911,0.009090199,0.024477002,0.005370846,-0.001229136,0.04933228,0.000549359,-0.003904193,-0.004134494,-0.004509162
0.002090451,-0.041967354,-0.007893813,-0.00191462,0.033174579,0.007252296,-0.006588354,0.016200641,-0.01021958,-0.004977634
-0.043390194,0.028740972,-0.026310323,-0.047786186,-0.014552784,-0.022496789,-0.014199477,-0.044778289,-0.011172016,-0.029664731
-0.024984342,-0.027938006,-0.04118533,-0.050454154,-0.047403847,-0.057407341,-0.051147191,-0.042032034,-0.056002015,-0.055988036
0.041791671,0.038014364,0.037840889,0.023489227,0.022343612,0.03657863,0.02345236,0.038497081,0.009462544,0.043307265
-0.021407111,-0.018061557,-0.018832849,-0.029631705,-0.027683369,0.021149294,0.002842289,-0.006184735,-0.001883314,0.001308593
-0.027516604,-0.046782159,-0.051333542,-0.044879683,-0.04773,-0.048353053,-0.041448965,-0.041812561,-0.04417003,-0.0526426
0.012231505,-0.008071103,0.037289755,0.036204977,0.026401672,0.009615876,0.020789081,0.01197479,0.010408827,0.016002604
0.040278767,0.034808902,0.010773297,0.013644425,0.001703498,0.0329598,0.021406568,0.015483421,0.017672335,-0.000325783
0.010017794,0.020400677,0.007853762,0.000152133,-0.018479734,-0.001861509,0.004209316,0.009361621,0.009468121,-0.001847263
0.018437356,0.025832294,0.015658215,0.016728424,0.03678897,0.004924812,0.009442253,0.027589717,0.002766255,0.005279814
0.033578342,0.007380835,0.020372317,0.018528625,0.002450997,0.033666801,-0.012063928,0.019422564,0.01834026,0.003140402
-0.003237252,-0.008941323,-0.007122883,0.004846197,-0.014447688,-0.003983564,0.014821577,-0.000224072,0.00766378,0.009175743
-0.003363608,0.013570906,0.007826123,0.006996631,-0.007611671,-0.004760111,-0.011814941,-0.010200929,-0.006760381,-0.001390563
-0.004538866,0.009922749,-0.013265846,0.008054719,0.010794893,-0.002773433,-0.006750133,-0.005625081,-0.012294309,-0.019549054
0.00835911,0.001631863,0.002623356,-0.004238092,0.006070491,0.010074638,0.008705982,-0.007479187,0.016452821,0.013165098
0.017391322,0.009869817,0.025400571,0.018217502,0.024023621,0.002079122,0.013518957,0.020426185,0.004321994,0.015528079
0.019772139,0.014633301,0.014458806,0.015051572,0.00894757,0.019121899,0.016944736,0.016831038,0.030039681,0.000584168
-0.003240777,-0.006550788,-0.012785602,-0.022260075,-0.018763782,0.003191355,-0.006579524,-0.012276095,-0.013762587,-0.018465582
-0.001513561,0.000310831,-0.0045647,-0.012125708,-0.017304088,-0.006664192,-0.027352477,-0.015906962,-0.021887222,-0.014650215
-0.017516291,-0.012562399,-0.009811256,-0.031872006,-0.01334682,-0.034565504,-0.007561084,-0.023390189,-0.017706272,-0.014429128
0.006914377,0.004553249,0.002154078,0.008789012,0.003864914,-0.014355585,0.003297001,0.005218486,-0.004192954,-0.006568624
0.003461745,0.015570728,0.006340615,0.011131511,0.021401875,0.023442695,0.014165785,0.019370757,0.010591681,0.018379458
-0.00084835,0.009208413,-0.003417343,0.003785765,-0.003436779,-0.010857505,-0.009633077,0.014480069,0.003651033,-0.000550313
-0.00928283,0.004786546,0.005786589,0.013314298,0.021860096,-0.005388051,0.004819204,-0.005919041,0.008174306,-0.011239655
0.01091242,0.00444012,0.006072831,0.014743507,-0.007457465,0.004869752,-0.007902245,0.00373092,0.003268605,-0.003583869
0.017180865,0.017417828,0.022344638,0.03023094,0.015849512,0.016603018,0.003114882,0.016632793,0.021198339,0.023715848
0.009667774,0.012350449,0.002382397,0.003844661,-0.002537391,-0.029137968,-0.01179965,0.009639278,-0.00642222,-0.013449695
-0.009630158,-0.006387653,-0.024387651,-0.022610525,-0.015587736,-0.016037606,0.01871887,-0.017740896,-0.009299383,-0.007567686
-0.008501429,0.001775583,-0.005931689,0.009945742,0.012700665,-0.024832434,-0.00687408,-0.015268385,-0.013806526,-0.005270544
0.001176808,-0.005455722,0.003516326,7.83E-05,-0.001791634,-0.000847771,0.018191467,0.008244091,0.006743743,0.003720199
-0.003526353,-0.006724236,0.004459488,-0.012047858,0.006689845,0.001484881,-0.007059431,0.003713401,0.005723519,0.004998007
-0.015279166,-0.017020003,-0.018076119,-0.031618461,-0.067696787,0.003903541,-0.012332067,-0.018946149,-0.023859707,-0.010393359
-0.000342267,0.026913811,0.002583742,-0.001918482,-0.025556352,0.017693476,0.00768714,0.002513921,0.003843508,0.005985288
-0.022654689,-0.002930977,-0.006979482,-0.006222004,0.007374398,-0.001569691,-0.017461806,-0.005091333,0.007270415,-0.000785813
-0.014129742,-0.023352219,-0.029087372,-0.038317733,-0.026565913,-0.051883842,-0.034153126,-0.035325574,-0.046852354,-0.015335431
-0.023156609,-0.031949864,-0.029067857,-0.026222929,-0.033355571,0.004349106,-0.012360067,-0.029057848,-0.034995717,-0.01990984
0.047471831,0.040319294,0.075705456,0.03097189,0.00420352,0.024828694,0.030675163,0.039223763,0.022659714,0.026658926
-0.025641093,-0.03779899,-0.045958601,-0.045679387,-0.048981614,-0.023862358,-0.005066904,-0.029896508,-0.019841999,-0.009638291
-0.01104909,-0.043839553,-0.000894202,-0.000537238,0.005321232,-0.00342552,0.002477539,0.008533549,0.003103735,0.000457925
0.007808786,0.011121768,0.021031441,0.027106436,0.044174306,0.024560957,-0.020595001,0.009985188,0.013761913,0.019913152
-0.006556231,-0.052061007,-0.030130428,-0.024539942,-0.027536105,-0.016591425,0.014953269,-0.017906723,-0.031432236,-0.029959703
0.010259171,0.014621141,0.013443332,0.006895389,0.004633516,0.025989346,0.033977912,0.013058393,0.017448972,0.004973957
0.019122341,0.013304045,0.029205252,0.011574824,-0.006469765,-0.010217028,0.018746102,0.008141094,0.005685777,0.021178752
0.006934299,0.029193911,0.000541512,0.002604565,0.027337136,0.027363704,0.001223869,0.012627653,0.005101985,0.009524324
-0.025578665,-0.032044099,-0.02327339,-0.020208093,-0.013430394,-0.03055886,-0.022307621,-0.022829412,-0.029359305,-0.026126283
0.009917982,0.000604866,0.005984666,0.008351241,0.004643741,-0.0111614,-0.005492041,0.008881052,0.002638408,-0.011120757
0.018818025,0.021435492,0.023245534,0.015943673,0.045019948,0.038296845,0.018228329,0.017367846,0.019594964,0.005680948
-0.004675304,-0.006384762,-0.010981869,-0.011312128,0.007755781,-0.022309832,-0.021561839,-0.014148163,-0.012213131,-0.003631354
0.009858485,0.015030973,0.018724156,0.012294518,-0.014730711,0.030914061,0.010545382,0.026290776,0.009751333,0.002892466
0.003388011,-0.012226414,-0.005343009,-0.003137974,0.003966614,-0.02429784,0.0001783,-0.014137703,-0.004158527,-0.003230202
0.0062383,0.007485348,0.011710282,0.008462269,0.001884257,0.007561925,0.026930677,0.00765865,0.010114997,0.009432789
0.013763995,0.04323965,0.020176361,0.034856216,0.023236073,0.014920025,0.035732886,-0.016480503,0.010978406,0.002751898
-0.002244191,0.015965908,0.003851325,-0.001936469,-0.01363692,0.012710866,-0.0090128,0.001458825,-0.002589794,0.028243065
-0.028340026,0.019026906,-0.003421808,0.014569804,0.010459275,-0.001055636,-0.002707263,0.000669299,-0.003052124,-0.015401724
-0.040972258,-0.018896432,-0.01154926,-0.013551522,-0.01082693,-0.005783271,-0.002969157,-0.008694954,-0.005026279,-0.000395391
-0.002896414,-0.006304464,0.003684184,-0.005135336,-0.002646157,0.000501972,-0.003063009,-0.020995406,-0.008587842,0.003672177
-0.013919166,-0.038060177,-0.023387509,-0.044470442,-0.037083901,-0.028863241,-0.000512102,-0.016945706,-0.068324951,-0.007880258
0.004357354,5.48E-05,-0.00869844,0.001176506,0,0.041937657,0.002903227,-0.013443884,-0.011385744,0.006411037
0.003483139,0.039577525,0.021124521,0.018468875,0.090613074,-0.000204131,0.009067714,0.003594844,-0.008801054,0.046958637
-0.011569842,0.036008877,0.016549897,-0.00960539,-0.003272898,-0.005571906,0.013289407,-0.001207851,-0.0049216,0.003984525
0.018112304,-0.004126865,-0.024003372,-0.012348946,-0.009159491,-0.021473906,-0.015738138,-0.006130079,-0.008821123,-0.008902709
0.023236153,0.010299276,0.015825548,0.019639686,0.010813959,-0.01205176,0.001903601,-0.006965172,0.003240972,-0.000919905
0.0441751,-0.007950625,-0.015684182,-0.012464985,0.012711411,-0.016234784,-0.014312861,-0.011070247,-0.002666456,0.006932781
0.001812228,0.001528912,0.005988619,-0.000644325,-0.011643113,0.02004999,0.002955444,-0.002734446,0.006066826,-0.014630696
0.039233449,0.005642203,0.011587128,0.023922548,0.014883329,0.011309687,0.007473857,0.006554943,0.018806275,0.010044141
0.007234939,0.012138312,0.011139162,0.006277443,0.007700583,0.017940966,-0.008986819,0.00961951,0.004514388,-0.007944611
0.004806652,-0.004843326,-0.004261104,-0.000834294,0.005337961,-0.006051168,-0.007485685,-0.000843169,0.00739044,0.008062737
0.007041172,0.009802865,0.011794246,0.02737423,0.020903231,0.018116283,-0.012153532,0.019957744,0.008327505,0.007133599
0.014303947,0.000671614,0.01000617,0.013677949,0.015712225,0.003734059,0.019632619,0.007074094,0.007914716,0.004292778
-0.003803296,-0.003834441,-0.002144881,0.00062872,0.00786938,-0.004679327,0.019554094,-0.002136072,0.000634069,0.016830518
-0.002333114,-0.000854692,0.003377689,0.001766377,-0.00187179,0.006219719,0.01938895,0.004075414,0.002924511,0.004046046
-0.009088451,-0.01587225,-0.007242641,-0.019060145,-0.012430304,-0.007167942,-0.01399747,-0.009634709,-0.016281085,-0.01622361
0.009332713,0.007080701,0.002579979,0.002353567,-0.006076443,-0.003361376,0.009269307,-0.002483852,-0.010869044,-0.00851148
-0.006323669,-0.003477659,-0.00998458,-0.002939677,0.003056758,0.009297047,0.005129889,-0.007719095,0.007593638,-0.005633678
-0.003636595,-0.00467202,0.001871501,-0.01133886,-0.005877242,0.020602068,0.006914693,-0.00878296,-0.006987393,0.011277128
0.007085004,0.007044066,0.012868379,0.012397287,0.009908102,0.036130176,0.013325687,0.002953551,0.01407312,0.012645348
-0.002504935,-0.002560731,-0.00102457,-0.009123897,-0.003740051,-0.024455989,-0.010972193,0.001262125,-0.013828281,-0.01538537
0.00641161,0.012937878,0.011897477,0.009310724,0.01686611,0.011802158,-0.003752308,-0.000798321,-0.00150778,-0.001070244
-0.001114924,0.000755348,-0.003547598,-0.000416741,-0.005189947,-0.000584591,-0.006263838,-0.007190571,0.0037248,0.002571369
0.002285453,0.004416575,0.000508626,-0.003317108,-0.005432125,0.003036201,0.009146024,-0.004616781,-0.001905647,-0.001602961
-0.003605939,0.001689266,-0.003558347,-0.014261093,0.004434388,-0.021133564,-0.011349263,-0.033955976,-0.016530141,-0.009901027
-0.00212876,0.007452566,0.009590807,0.007054572,0.010390831,0.016199475,0.011438257,0.012951457,0.015019863,0.01695926
-0.003360027,0.002910954,-0.001111683,0.016098464,0.021900149,-0.016834635,-0.014003483,-0.014313139,-0.007298153,-0.002886274
0.018033981,0.007314616,0.019728906,0.031806754,0.011523652,0.012948651,0.007618781,0.010935014,0.011965726,0.004288411
0.008357848,0.014455926,0.008730995,0.017677569,-0.003660013,0.011241338,0.005259954,0.006744002,0.007365109,0.021403762
0.007715144,0.018663613,0.005114626,0.000324759,-0.00175909,-0.001746472,-0.000817627,-0.006742368,0.000696305,0.003030942
0.003465925,-0.000353686,0.002935669,-0.002439349,-0.008292765,0.03182447,0.017264652,0.017035999,0.013220696,0.008596405
-0.002680632,-0.003803598,-0.01570886,-0.011452414,-0.01651512,-0.008154804,0.001327188,0.005253417,0.005935475,0.013327145
-0.009097539,-0.003143349,0.007434576,-0.002660465,0.004889005,0.002632082,0.00682783,-0.000257006,0.007412049,0.011010878
-0.002451753,0.003046339,-0.005706917,0.008136532,0.012903157,0.003897164,0.012366396,0.002999259,-0.007115548,0.006605138
0.005490786,0.005701196,0.002572934,0.008256671,0.004489929,-0.000862692,-0.000788088,-0.006236879,-0.000975024,0.008365052
-0.008217194,0.003596753,-0.004540519,-0.003975974,5.20E-05,-0.018266659,-0.002799932,0.005158393,-0.000146394,-0.004967463
0.000524415,0.01114461,0.005651958,0.015271509,0.022867803,-0.003930172,0.009728363,-0.000769824,-0.006149612,-0.003195048
-0.010272573,-0.004576946,-0.012719395,0.000121528,-0.00487776,-0.012526924,0.006092002,-0.00740422,0.006580543,0.004357164
-0.000529501,0.004557229,0.007290562,0.018398583,0.012560592,-0.008773932,-0.00433628,-0.002285266,-0.003903025,0.000748025
-0.016159812,0.006375481,0,-0.004601693,-0.004134905,-0.038394304,-0.007258567,-0.013267609,-0.023411858,-0.007374533
0.004362098,0.00881952,0.0100139,0.001523815,0.022836573,0.004602507,-0.000829998,-0.002189909,-0.006570024,-0.000652603
-0.00557637,-0.011348044,-0.007166035,-0.010411622,-0.002475248,-0.014677983,-0.003639093,-0.00368717,-0.012924061,0.006178401
-0.002911727,-0.008409293,-0.007217669,-0.001883156,0.001191092,0.003701949,0.009845552,-0.004229412,0.005012254,-0.01447753
-0.014871296,-0.030611958,-0.020117567,-0.026543014,-0.026717552,-0.022749379,-0.014388442,-0.019821303,-0.003562326,-0.005217562
0.012405967,0.016799412,0.007012938,-0.005645485,0.013496277,0.00030186,-0.003749364,0.000180595,0.003983652,-0.000101864
-0.00146391,-0.018082986,-0.015543005,-0.012946356,-0.015879417,-0.004467193,-0.006405917,-0.0063183,-0.008444419,-0.006824185
0.00727626,0.02465504,0.011174861,0.009275522,0.001991422,0.014644312,-0.013176468,0.014715256,0.005386841,0.000974274
-0.00210242,-0.000969704,-0.000202738,0.001283457,-0.00973342,0.002569897,0.00179666,-0.012756204,0.003827116,-0.000563501
0.011182497,0.008224485,0.014197353,0.0105857,0.015644267,0.001698838,0.008722589,0.01219562,-0.006100025,-0.005535633
-0.017416365,-0.011565118,-0.00959903,-0.0217923,-0.023459693,-0.009372751,-0.002020365,-0.012899714,0.001585505,-0.002061689
0.008046955,0.003406231,0.007168087,0.019385437,0.029678831,0.000750909,0.014252183,0.001633542,0.007710739,0.004080204
0.013861958,0.006412798,0.014033701,0.014142531,0.024086667,0.004382082,0.001037904,0.004756673,0.000608143,0.000360023
0.0138852,0.016596234,0.006820818,0.012173627,0.00743005,0.021754715,0.011604734,0.027954426,0.015547412,0.008227098
-0.001206821,0.002328855,0.002651006,-0.001048553,-0.005861151,0.015325195,0.007371763,-0.005000215,0.004737431,0.007802932
-0.012976102,0.006844277,-0.001370936,0.000919519,-0.004913039,-0.01889618,-0.003717606,-0.005245766,-0.018860448,-0.003339932
0.016765988,0.023715097,0.021670905,0.025634765,0.021625383,0.015942434,0.005734679,0.006913042,0.008296307,0.005077431
0.00157045,0.009133837,0.011901315,0.004512088,0.001933158,0.013756062,0.010349635,-0.003564814,0.009331657,0.003738343
-0.00219515,0.005217763,-0.004932145,-0.004172172,-0.000434165,0.015137253,-0.006648631,0.022216324,-0.000347907,0.000956279
0.002828521,0.01176416,0.009913192,0.01261979,0.013318579,0.002190393,-0.026033223,-0.001814717,0.004773537,0.011162515
-0.005484476,-0.000547749,-0.007833827,-0.002435806,-0.003000162,0.009386925,0.020496245,0.000952303,0.000643292,-0.000646469
0.007773167,-0.016251423,-0.006849324,-0.007458979,-0.00606613,-0.013602487,-0.009748669,-0.006962463,-0.002967315,0.008259959
-0.002293115,0.000402643,0.017911829,-0.00172704,0.008890413,-0.001210123,-0.000909327,0.00897094,0.001736066,-0.000888358
0.000888001,-0.006450875,0.015997027,0.017376818,0.004620377,-0.004592857,0.000158322,0.008934322,-0.015399857,-0.001086693
0.007254313,0.015116532,-0.00287114,0.035321407,0.017827481,0.014153481,0.004035728,0.009069174,0.009253656,-0.001186723
0.009430088,0.018789221,0.029444528,0.01251522,0.013183035,-0.006559232,0.004334828,0.003433937,0.018437374,-0.004901257
-0.003131095,-0.029839927,-0.010917612,0.003663848,-0.189609218,0.009552691,0.008396763,0.001774469,0.0175164,-0.007960229
-0.016631537,0.005127223,-0.017697527,-0.023519082,-0.007772586,0.0037014,-0.004085615,0.002235241,-0.002596696,-0.011333977
-0.005602639,-0.020938027,-0.021452424,-0.015147364,-0.021899486,-0.026590867,-0.008243802,0.005512532,-0.011088627,0.000710155
0.00200089,-0.001000455,0.006738151,-0.002033204,0.008885795,0.014926195,-0.002442464,-0.00636118,0.035101463,0.00121657
0.058910124,0.011100292,0.001885341,0.002259172,-0.005388851,-0.009935386,0.000592347,-0.005854357,-0.024821043,-0.006176595
